Year,"Month, #", Opening UPB ,   Pmt Interest ,   Pmt Principal , Total Payment , Closing UPB 
1,1,"  370,800.00 ","  2,240.25 ",  289.26 ,"  2,529.51 ","  370,510.74 "
1,2,"  370,510.74 ","  2,238.50 ",  291.01 ,"  2,529.51 ","  370,219.73 "
1,3,"  370,219.73 ","  2,236.74 ",  292.77 ,"  2,529.51 ","  369,926.97 "
1,4,"  369,926.97 ","  2,234.98 ",  294.53 ,"  2,529.51 ","  369,632.43 "
1,5,"  369,632.43 ","  2,233.20 ",  296.31 ,"  2,529.51 ","  369,336.12 "
1,6,"  369,336.12 ","  2,231.41 ",  298.10 ,"  2,529.51 ","  369,038.02 "
1,7,"  369,038.02 ","  2,229.60 ",  299.90 ,"  2,529.51 ","  368,738.11 "
1,8,"  368,738.11 ","  2,227.79 ",  301.72 ,"  2,529.51 ","  368,436.39 "
1,9,"  368,436.39 ","  2,225.97 ",  303.54 ,"  2,529.51 ","  368,132.85 "
1,10,"  368,132.85 ","  2,224.14 ",  305.37 ,"  2,529.51 ","  367,827.48 "
1,11,"  367,827.48 ","  2,222.29 ",  307.22 ,"  2,529.51 ","  367,520.26 "
1,12,"  367,520.26 ","  2,220.43 ",  309.07 ,"  2,529.51 ","  367,211.19 "
2,1,"  367,211.19 ","  2,218.57 ",  310.94 ,"  2,529.51 ","  366,900.25 "
2,2,"  366,900.25 ","  2,216.69 ",  312.82 ,"  2,529.51 ","  366,587.42 "
2,3,"  366,587.42 ","  2,214.80 ",  314.71 ,"  2,529.51 ","  366,272.71 "
2,4,"  366,272.71 ","  2,212.90 ",  316.61 ,"  2,529.51 ","  365,956.10 "
2,5,"  365,956.10 ","  2,210.98 ",  318.52 ,"  2,529.51 ","  365,637.58 "
2,6,"  365,637.58 ","  2,209.06 ",  320.45 ,"  2,529.51 ","  365,317.13 "
2,7,"  365,317.13 ","  2,207.12 ",  322.39 ,"  2,529.51 ","  364,994.74 "
2,8,"  364,994.74 ","  2,205.18 ",  324.33 ,"  2,529.51 ","  364,670.41 "
2,9,"  364,670.41 ","  2,203.22 ",  326.29 ,"  2,529.51 ","  364,344.12 "
2,10,"  364,344.12 ","  2,201.25 ",  328.26 ,"  2,529.51 ","  364,015.85 "
2,11,"  364,015.85 ","  2,199.26 ",  330.25 ,"  2,529.51 ","  363,685.61 "
2,12,"  363,685.61 ","  2,197.27 ",  332.24 ,"  2,529.51 ","  363,353.36 "
3,1,"  363,353.36 ","  2,195.26 ",  334.25 ,"  2,529.51 ","  363,019.11 "
3,2,"  363,019.11 ","  2,193.24 ",  336.27 ,"  2,529.51 ","  362,682.84 "
3,3,"  362,682.84 ","  2,191.21 ",  338.30 ,"  2,529.51 ","  362,344.54 "
3,4,"  362,344.54 ","  2,189.16 ",  340.34 ,"  2,529.51 ","  362,004.20 "
3,5,"  362,004.20 ","  2,187.11 ",  342.40 ,"  2,529.51 ","  361,661.80 "
3,6,"  361,661.80 ","  2,185.04 ",  344.47 ,"  2,529.51 ","  361,317.33 "
3,7,"  361,317.33 ","  2,182.96 ",  346.55 ,"  2,529.51 ","  360,970.78 "
3,8,"  360,970.78 ","  2,180.87 ",  348.64 ,"  2,529.51 ","  360,622.13 "
3,9,"  360,622.13 ","  2,178.76 ",  350.75 ,"  2,529.51 ","  360,271.38 "
3,10,"  360,271.38 ","  2,176.64 ",  352.87 ,"  2,529.51 ","  359,918.51 "
3,11,"  359,918.51 ","  2,174.51 ",  355.00 ,"  2,529.51 ","  359,563.51 "
3,12,"  359,563.51 ","  2,172.36 ",  357.15 ,"  2,529.51 ","  359,206.36 "
4,1,"  359,206.36 ","  2,170.21 ",  359.30 ,"  2,529.51 ","  358,847.06 "
4,2,"  358,847.06 ","  2,168.03 ",  361.48 ,"  2,529.51 ","  358,485.58 "
4,3,"  358,485.58 ","  2,165.85 ",  363.66 ,"  2,529.51 ","  358,121.92 "
4,4,"  358,121.92 ","  2,163.65 ",  365.86 ,"  2,529.51 ","  357,756.07 "
4,5,"  357,756.07 ","  2,161.44 ",  368.07 ,"  2,529.51 ","  357,388.00 "
4,6,"  357,388.00 ","  2,159.22 ",  370.29 ,"  2,529.51 ","  357,017.71 "
4,7,"  357,017.71 ","  2,156.98 ",  372.53 ,"  2,529.51 ","  356,645.18 "
4,8,"  356,645.18 ","  2,154.73 ",  374.78 ,"  2,529.51 ","  356,270.40 "
4,9,"  356,270.40 ","  2,152.47 ",  377.04 ,"  2,529.51 ","  355,893.36 "
4,10,"  355,893.36 ","  2,150.19 ",  379.32 ,"  2,529.51 ","  355,514.04 "
4,11,"  355,514.04 ","  2,147.90 ",  381.61 ,"  2,529.51 ","  355,132.43 "
4,12,"  355,132.43 ","  2,145.59 ",  383.92 ,"  2,529.51 ","  354,748.51 "
5,1,"  354,748.51 ","  2,143.27 ",  386.24 ,"  2,529.51 ","  354,362.27 "
5,2,"  354,362.27 ","  2,140.94 ",  388.57 ,"  2,529.51 ","  353,973.70 "
5,3,"  353,973.70 ","  2,138.59 ",  390.92 ,"  2,529.51 ","  353,582.78 "
5,4,"  353,582.78 ","  2,136.23 ",  393.28 ,"  2,529.51 ","  353,189.50 "
5,5,"  353,189.50 ","  2,133.85 ",  395.66 ,"  2,529.51 ","  352,793.85 "
5,6,"  352,793.85 ","  2,131.46 ",  398.05 ,"  2,529.51 ","  352,395.80 "
5,7,"  352,395.80 ","  2,129.06 ",  400.45 ,"  2,529.51 ","  351,995.35 "
5,8,"  351,995.35 ","  2,126.64 ",  402.87 ,"  2,529.51 ","  351,592.48 "
5,9,"  351,592.48 ","  2,124.20 ",  405.31 ,"  2,529.51 ","  351,187.17 "
5,10,"  351,187.17 ","  2,121.76 ",  407.75 ,"  2,529.51 ","  350,779.42 "
5,11,"  350,779.42 ","  2,119.29 ",  410.22 ,"  2,529.51 ","  350,369.20 "
5,12,"  350,369.20 ","  2,116.81 ",  412.70 ,"  2,529.51 ","  349,956.51 "
6,1,"  349,956.51 ","  2,114.32 ",  415.19 ,"  2,529.51 ","  349,541.32 "
6,2,"  349,541.32 ","  2,111.81 ",  417.70 ,"  2,529.51 ","  349,123.62 "
6,3,"  349,123.62 ","  2,109.29 ",  420.22 ,"  2,529.51 ","  348,703.40 "
6,4,"  348,703.40 ","  2,106.75 ",  422.76 ,"  2,529.51 ","  348,280.64 "
6,5,"  348,280.64 ","  2,104.20 ",  425.31 ,"  2,529.51 ","  347,855.32 "
6,6,"  347,855.32 ","  2,101.63 ",  427.88 ,"  2,529.51 ","  347,427.44 "
6,7,"  347,427.44 ","  2,099.04 ",  430.47 ,"  2,529.51 ","  346,996.97 "
6,8,"  346,996.97 ","  2,096.44 ",  433.07 ,"  2,529.51 ","  346,563.90 "
6,9,"  346,563.90 ","  2,093.82 ",  435.69 ,"  2,529.51 ","  346,128.22 "
6,10,"  346,128.22 ","  2,091.19 ",  438.32 ,"  2,529.51 ","  345,689.90 "
6,11,"  345,689.90 ","  2,088.54 ",  440.97 ,"  2,529.51 ","  345,248.93 "
6,12,"  345,248.93 ","  2,085.88 ",  443.63 ,"  2,529.51 ","  344,805.30 "
7,1,"  344,805.30 ","  2,083.20 ",  446.31 ,"  2,529.51 ","  344,358.99 "
7,2,"  344,358.99 ","  2,080.50 ",  449.01 ,"  2,529.51 ","  343,909.98 "
7,3,"  343,909.98 ","  2,077.79 ",  451.72 ,"  2,529.51 ","  343,458.26 "
7,4,"  343,458.26 ","  2,075.06 ",  454.45 ,"  2,529.51 ","  343,003.81 "
7,5,"  343,003.81 ","  2,072.31 ",  457.19 ,"  2,529.51 ","  342,546.62 "
7,6,"  342,546.62 ","  2,069.55 ",  459.96 ,"  2,529.51 ","  342,086.66 "
7,7,"  342,086.66 ","  2,066.77 ",  462.74 ,"  2,529.51 ","  341,623.92 "
7,8,"  341,623.92 ","  2,063.98 ",  465.53 ,"  2,529.51 ","  341,158.39 "
7,9,"  341,158.39 ","  2,061.17 ",  468.34 ,"  2,529.51 ","  340,690.05 "
7,10,"  340,690.05 ","  2,058.34 ",  471.17 ,"  2,529.51 ","  340,218.87 "
7,11,"  340,218.87 ","  2,055.49 ",  474.02 ,"  2,529.51 ","  339,744.85 "
7,12,"  339,744.85 ","  2,052.63 ",  476.88 ,"  2,529.51 ","  339,267.97 "
8,1,"  339,267.97 ","  2,049.74 ",  479.77 ,"  2,529.51 ","  338,788.20 "
8,2,"  338,788.20 ","  2,046.85 ",  482.66 ,"  2,529.51 ","  338,305.54 "
8,3,"  338,305.54 ","  2,043.93 ",  485.58 ,"  2,529.51 ","  337,819.96 "
8,4,"  337,819.96 ","  2,041.00 ",  488.51 ,"  2,529.51 ","  337,331.44 "
8,5,"  337,331.44 ","  2,038.04 ",  491.47 ,"  2,529.51 ","  336,839.98 "
8,6,"  336,839.98 ","  2,035.07 ",  494.43 ,"  2,529.51 ","  336,345.54 "
8,7,"  336,345.54 ","  2,032.09 ",  497.42 ,"  2,529.51 ","  335,848.12 "
8,8,"  335,848.12 ","  2,029.08 ",  500.43 ,"  2,529.51 ","  335,347.70 "
8,9,"  335,347.70 ","  2,026.06 ",  503.45 ,"  2,529.51 ","  334,844.24 "
8,10,"  334,844.24 ","  2,023.02 ",  506.49 ,"  2,529.51 ","  334,337.75 "
8,11,"  334,337.75 ","  2,019.96 ",  509.55 ,"  2,529.51 ","  333,828.20 "
8,12,"  333,828.20 ","  2,016.88 ",  512.63 ,"  2,529.51 ","  333,315.57 "
9,1,"  333,315.57 ","  2,013.78 ",  515.73 ,"  2,529.51 ","  332,799.84 "
9,2,"  332,799.84 ","  2,010.67 ",  518.84 ,"  2,529.51 ","  332,281.00 "
9,3,"  332,281.00 ","  2,007.53 ",  521.98 ,"  2,529.51 ","  331,759.02 "
9,4,"  331,759.02 ","  2,004.38 ",  525.13 ,"  2,529.51 ","  331,233.89 "
9,5,"  331,233.89 ","  2,001.20 ",  528.30 ,"  2,529.51 ","  330,705.58 "
9,6,"  330,705.58 ","  1,998.01 ",  531.50 ,"  2,529.51 ","  330,174.08 "
9,7,"  330,174.08 ","  1,994.80 ",  534.71 ,"  2,529.51 ","  329,639.38 "
9,8,"  329,639.38 ","  1,991.57 ",  537.94 ,"  2,529.51 ","  329,101.44 "
9,9,"  329,101.44 ","  1,988.32 ",  541.19 ,"  2,529.51 ","  328,560.25 "
9,10,"  328,560.25 ","  1,985.05 ",  544.46 ,"  2,529.51 ","  328,015.79 "
9,11,"  328,015.79 ","  1,981.76 ",  547.75 ,"  2,529.51 ","  327,468.04 "
9,12,"  327,468.04 ","  1,978.45 ",  551.06 ,"  2,529.51 ","  326,916.99 "
10,1,"  326,916.99 ","  1,975.12 ",  554.39 ,"  2,529.51 ","  326,362.60 "
10,2,"  326,362.60 ","  1,971.77 ",  557.74 ,"  2,529.51 ","  325,804.87 "
10,3,"  325,804.87 ","  1,968.40 ",  561.11 ,"  2,529.51 ","  325,243.76 "
10,4,"  325,243.76 ","  1,965.01 ",  564.50 ,"  2,529.51 ","  324,679.26 "
10,5,"  324,679.26 ","  1,961.60 ",  567.91 ,"  2,529.51 ","  324,111.36 "
10,6,"  324,111.36 ","  1,958.17 ",  571.34 ,"  2,529.51 ","  323,540.02 "
10,7,"  323,540.02 ","  1,954.72 ",  574.79 ,"  2,529.51 ","  322,965.23 "
10,8,"  322,965.23 ","  1,951.25 ",  578.26 ,"  2,529.51 ","  322,386.97 "
10,9,"  322,386.97 ","  1,947.75 ",  581.76 ,"  2,529.51 ","  321,805.22 "
10,10,"  321,805.22 ","  1,944.24 ",  585.27 ,"  2,529.51 ","  321,219.95 "
10,11,"  321,219.95 ","  1,940.70 ",  588.81 ,"  2,529.51 ","  320,631.14 "
10,12,"  320,631.14 ","  1,937.15 ",  592.36 ,"  2,529.51 ","  320,038.78 "
11,1,"  320,038.78 ","  1,933.57 ",  595.94 ,"  2,529.51 ","  319,442.84 "
11,2,"  319,442.84 ","  1,929.97 ",  599.54 ,"  2,529.51 ","  318,843.29 "
11,3,"  318,843.29 ","  1,926.34 ",  603.16 ,"  2,529.51 ","  318,240.13 "
11,4,"  318,240.13 ","  1,922.70 ",  606.81 ,"  2,529.51 ","  317,633.32 "
11,5,"  317,633.32 ","  1,919.03 ",  610.48 ,"  2,529.51 ","  317,022.85 "
11,6,"  317,022.85 ","  1,915.35 ",  614.16 ,"  2,529.51 ","  316,408.68 "
11,7,"  316,408.68 ","  1,911.64 ",  617.87 ,"  2,529.51 ","  315,790.81 "
11,8,"  315,790.81 ","  1,907.90 ",  621.61 ,"  2,529.51 ","  315,169.20 "
11,9,"  315,169.20 ","  1,904.15 ",  625.36 ,"  2,529.51 ","  314,543.84 "
11,10,"  314,543.84 ","  1,900.37 ",  629.14 ,"  2,529.51 ","  313,914.70 "
11,11,"  313,914.70 ","  1,896.57 ",  632.94 ,"  2,529.51 ","  313,281.76 "
11,12,"  313,281.76 ","  1,892.74 ",  636.77 ,"  2,529.51 ","  312,644.99 "
12,1,"  312,644.99 ","  1,888.90 ",  640.61 ,"  2,529.51 ","  312,004.38 "
12,2,"  312,004.38 ","  1,885.03 ",  644.48 ,"  2,529.51 ","  311,359.89 "
12,3,"  311,359.89 ","  1,881.13 ",  648.38 ,"  2,529.51 ","  310,711.52 "
12,4,"  310,711.52 ","  1,877.22 ",  652.29 ,"  2,529.51 ","  310,059.22 "
12,5,"  310,059.22 ","  1,873.27 ",  656.24 ,"  2,529.51 ","  309,402.99 "
12,6,"  309,402.99 ","  1,869.31 ",  660.20 ,"  2,529.51 ","  308,742.79 "
12,7,"  308,742.79 ","  1,865.32 ",  664.19 ,"  2,529.51 ","  308,078.60 "
12,8,"  308,078.60 ","  1,861.31 ",  668.20 ,"  2,529.51 ","  307,410.40 "
12,9,"  307,410.40 ","  1,857.27 ",  672.24 ,"  2,529.51 ","  306,738.16 "
12,10,"  306,738.16 ","  1,853.21 ",  676.30 ,"  2,529.51 ","  306,061.86 "
12,11,"  306,061.86 ","  1,849.12 ",  680.39 ,"  2,529.51 ","  305,381.47 "
12,12,"  305,381.47 ","  1,845.01 ",  684.50 ,"  2,529.51 ","  304,696.98 "
13,1,"  304,696.98 ","  1,840.88 ",  688.63 ,"  2,529.51 ","  304,008.35 "
13,2,"  304,008.35 ","  1,836.72 ",  692.79 ,"  2,529.51 ","  303,315.55 "
13,3,"  303,315.55 ","  1,832.53 ",  696.98 ,"  2,529.51 ","  302,618.57 "
13,4,"  302,618.57 ","  1,828.32 ",  701.19 ,"  2,529.51 ","  301,917.39 "
13,5,"  301,917.39 ","  1,824.08 ",  705.43 ,"  2,529.51 ","  301,211.96 "
13,6,"  301,211.96 ","  1,819.82 ",  709.69 ,"  2,529.51 ","  300,502.27 "
13,7,"  300,502.27 ","  1,815.53 ",  713.98 ,"  2,529.51 ","  299,788.30 "
13,8,"  299,788.30 ","  1,811.22 ",  718.29 ,"  2,529.51 ","  299,070.01 "
13,9,"  299,070.01 ","  1,806.88 ",  722.63 ,"  2,529.51 ","  298,347.38 "
13,10,"  298,347.38 ","  1,802.52 ",  726.99 ,"  2,529.51 ","  297,620.39 "
13,11,"  297,620.39 ","  1,798.12 ",  731.39 ,"  2,529.51 ","  296,889.00 "
13,12,"  296,889.00 ","  1,793.70 ",  735.81 ,"  2,529.51 ","  296,153.19 "
14,1,"  296,153.19 ","  1,789.26 ",  740.25 ,"  2,529.51 ","  295,412.94 "
14,2,"  295,412.94 ","  1,784.79 ",  744.72 ,"  2,529.51 ","  294,668.22 "
14,3,"  294,668.22 ","  1,780.29 ",  749.22 ,"  2,529.51 ","  293,919.00 "
14,4,"  293,919.00 ","  1,775.76 ",  753.75 ,"  2,529.51 ","  293,165.25 "
14,5,"  293,165.25 ","  1,771.21 ",  758.30 ,"  2,529.51 ","  292,406.95 "
14,6,"  292,406.95 ","  1,766.63 ",  762.88 ,"  2,529.51 ","  291,644.06 "
14,7,"  291,644.06 ","  1,762.02 ",  767.49 ,"  2,529.51 ","  290,876.57 "
14,8,"  290,876.57 ","  1,757.38 ",  772.13 ,"  2,529.51 ","  290,104.44 "
14,9,"  290,104.44 ","  1,752.71 ",  776.80 ,"  2,529.51 ","  289,327.64 "
14,10,"  289,327.64 ","  1,748.02 ",  781.49 ,"  2,529.51 ","  288,546.15 "
14,11,"  288,546.15 ","  1,743.30 ",  786.21 ,"  2,529.51 ","  287,759.94 "
14,12,"  287,759.94 ","  1,738.55 ",  790.96 ,"  2,529.51 ","  286,968.98 "
15,1,"  286,968.98 ","  1,733.77 ",  795.74 ,"  2,529.51 ","  286,173.25 "
15,2,"  286,173.25 ","  1,728.96 ",  800.55 ,"  2,529.51 ","  285,372.70 "
15,3,"  285,372.70 ","  1,724.13 ",  805.38 ,"  2,529.51 ","  284,567.32 "
15,4,"  284,567.32 ","  1,719.26 ",  810.25 ,"  2,529.51 ","  283,757.07 "
15,5,"  283,757.07 ","  1,714.37 ",  815.14 ,"  2,529.51 ","  282,941.92 "
15,6,"  282,941.92 ","  1,709.44 ",  820.07 ,"  2,529.51 ","  282,121.85 "
15,7,"  282,121.85 ","  1,704.49 ",  825.02 ,"  2,529.51 ","  281,296.83 "
15,8,"  281,296.83 ","  1,699.50 ",  830.01 ,"  2,529.51 ","  280,466.82 "
15,9,"  280,466.82 ","  1,694.49 ",  835.02 ,"  2,529.51 ","  279,631.80 "
15,10,"  279,631.80 ","  1,689.44 ",  840.07 ,"  2,529.51 ","  278,791.73 "
15,11,"  278,791.73 ","  1,684.37 ",  845.14 ,"  2,529.51 ","  277,946.59 "
15,12,"  277,946.59 ","  1,679.26 ",  850.25 ,"  2,529.51 ","  277,096.34 "
16,1,"  277,096.34 ","  1,674.12 ",  855.39 ,"  2,529.51 ","  276,240.96 "
16,2,"  276,240.96 ","  1,668.96 ",  860.55 ,"  2,529.51 ","  275,380.40 "
16,3,"  275,380.40 ","  1,663.76 ",  865.75 ,"  2,529.51 ","  274,514.65 "
16,4,"  274,514.65 ","  1,658.53 ",  870.98 ,"  2,529.51 ","  273,643.67 "
16,5,"  273,643.67 ","  1,653.26 ",  876.25 ,"  2,529.51 ","  272,767.42 "
16,6,"  272,767.42 ","  1,647.97 ",  881.54 ,"  2,529.51 ","  271,885.88 "
16,7,"  271,885.88 ","  1,642.64 ",  886.87 ,"  2,529.51 ","  270,999.01 "
16,8,"  270,999.01 ","  1,637.29 ",  892.22 ,"  2,529.51 ","  270,106.79 "
16,9,"  270,106.79 ","  1,631.90 ",  897.61 ,"  2,529.51 ","  269,209.18 "
16,10,"  269,209.18 ","  1,626.47 ",  903.04 ,"  2,529.51 ","  268,306.14 "
16,11,"  268,306.14 ","  1,621.02 ",  908.49 ,"  2,529.51 ","  267,397.64 "
16,12,"  267,397.64 ","  1,615.53 ",  913.98 ,"  2,529.51 ","  266,483.66 "
17,1,"  266,483.66 ","  1,610.01 ",  919.50 ,"  2,529.51 ","  265,564.16 "
17,2,"  265,564.16 ","  1,604.45 ",  925.06 ,"  2,529.51 ","  264,639.10 "
17,3,"  264,639.10 ","  1,598.86 ",  930.65 ,"  2,529.51 ","  263,708.45 "
17,4,"  263,708.45 ","  1,593.24 ",  936.27 ,"  2,529.51 ","  262,772.18 "
17,5,"  262,772.18 ","  1,587.58 ",  941.93 ,"  2,529.51 ","  261,830.25 "
17,6,"  261,830.25 ","  1,581.89 ",  947.62 ,"  2,529.51 ","  260,882.63 "
17,7,"  260,882.63 ","  1,576.17 ",  953.34 ,"  2,529.51 ","  259,929.29 "
17,8,"  259,929.29 ","  1,570.41 ",  959.10 ,"  2,529.51 ","  258,970.19 "
17,9,"  258,970.19 ","  1,564.61 ",  964.90 ,"  2,529.51 ","  258,005.29 "
17,10,"  258,005.29 ","  1,558.78 ",  970.73 ,"  2,529.51 ","  257,034.56 "
17,11,"  257,034.56 ","  1,552.92 ",  976.59 ,"  2,529.51 ","  256,057.97 "
17,12,"  256,057.97 ","  1,547.02 ",  982.49 ,"  2,529.51 ","  255,075.47 "
18,1,"  255,075.47 ","  1,541.08 ",  988.43 ,"  2,529.51 ","  254,087.05 "
18,2,"  254,087.05 ","  1,535.11 ",  994.40 ,"  2,529.51 ","  253,092.65 "
18,3,"  253,092.65 ","  1,529.10 ","  1,000.41 ","  2,529.51 ","  252,092.24 "
18,4,"  252,092.24 ","  1,523.06 ","  1,006.45 ","  2,529.51 ","  251,085.78 "
18,5,"  251,085.78 ","  1,516.98 ","  1,012.53 ","  2,529.51 ","  250,073.25 "
18,6,"  250,073.25 ","  1,510.86 ","  1,018.65 ","  2,529.51 ","  249,054.60 "
18,7,"  249,054.60 ","  1,504.70 ","  1,024.80 ","  2,529.51 ","  248,029.80 "
18,8,"  248,029.80 ","  1,498.51 ","  1,031.00 ","  2,529.51 ","  246,998.80 "
18,9,"  246,998.80 ","  1,492.28 ","  1,037.23 ","  2,529.51 ","  245,961.57 "
18,10,"  245,961.57 ","  1,486.02 ","  1,043.49 ","  2,529.51 ","  244,918.08 "
18,11,"  244,918.08 ","  1,479.71 ","  1,049.80 ","  2,529.51 ","  243,868.29 "
18,12,"  243,868.29 ","  1,473.37 ","  1,056.14 ","  2,529.51 ","  242,812.15 "
19,1,"  242,812.15 ","  1,466.99 ","  1,062.52 ","  2,529.51 ","  241,749.63 "
19,2,"  241,749.63 ","  1,460.57 ","  1,068.94 ","  2,529.51 ","  240,680.69 "
19,3,"  240,680.69 ","  1,454.11 ","  1,075.40 ","  2,529.51 ","  239,605.29 "
19,4,"  239,605.29 ","  1,447.62 ","  1,081.89 ","  2,529.51 ","  238,523.40 "
19,5,"  238,523.40 ","  1,441.08 ","  1,088.43 ","  2,529.51 ","  237,434.97 "
19,6,"  237,434.97 ","  1,434.50 ","  1,095.01 ","  2,529.51 ","  236,339.96 "
19,7,"  236,339.96 ","  1,427.89 ","  1,101.62 ","  2,529.51 ","  235,238.34 "
19,8,"  235,238.34 ","  1,421.23 ","  1,108.28 ","  2,529.51 ","  234,130.06 "
19,9,"  234,130.06 ","  1,414.54 ","  1,114.97 ","  2,529.51 ","  233,015.09 "
19,10,"  233,015.09 ","  1,407.80 ","  1,121.71 ","  2,529.51 ","  231,893.38 "
19,11,"  231,893.38 ","  1,401.02 ","  1,128.49 ","  2,529.51 ","  230,764.89 "
19,12,"  230,764.89 ","  1,394.20 ","  1,135.31 ","  2,529.51 ","  229,629.58 "
20,1,"  229,629.58 ","  1,387.35 ","  1,142.16 ","  2,529.51 ","  228,487.42 "
20,2,"  228,487.42 ","  1,380.44 ","  1,149.06 ","  2,529.51 ","  227,338.35 "
20,3,"  227,338.35 ","  1,373.50 ","  1,156.01 ","  2,529.51 ","  226,182.35 "
20,4,"  226,182.35 ","  1,366.52 ","  1,162.99 ","  2,529.51 ","  225,019.36 "
20,5,"  225,019.36 ","  1,359.49 ","  1,170.02 ","  2,529.51 ","  223,849.34 "
20,6,"  223,849.34 ","  1,352.42 ","  1,177.09 ","  2,529.51 ","  222,672.25 "
20,7,"  222,672.25 ","  1,345.31 ","  1,184.20 ","  2,529.51 ","  221,488.05 "
20,8,"  221,488.05 ","  1,338.16 ","  1,191.35 ","  2,529.51 ","  220,296.70 "
20,9,"  220,296.70 ","  1,330.96 ","  1,198.55 ","  2,529.51 ","  219,098.15 "
20,10,"  219,098.15 ","  1,323.72 ","  1,205.79 ","  2,529.51 ","  217,892.36 "
20,11,"  217,892.36 ","  1,316.43 ","  1,213.08 ","  2,529.51 ","  216,679.28 "
20,12,"  216,679.28 ","  1,309.10 ","  1,220.41 ","  2,529.51 ","  215,458.88 "
21,1,"  215,458.88 ","  1,301.73 ","  1,227.78 ","  2,529.51 ","  214,231.10 "
21,2,"  214,231.10 ","  1,294.31 ","  1,235.20 ","  2,529.51 ","  212,995.90 "
21,3,"  212,995.90 ","  1,286.85 ","  1,242.66 ","  2,529.51 ","  211,753.24 "
21,4,"  211,753.24 ","  1,279.34 ","  1,250.17 ","  2,529.51 ","  210,503.07 "
21,5,"  210,503.07 ","  1,271.79 ","  1,257.72 ","  2,529.51 ","  209,245.35 "
21,6,"  209,245.35 ","  1,264.19 ","  1,265.32 ","  2,529.51 ","  207,980.04 "
21,7,"  207,980.04 ","  1,256.55 ","  1,272.96 ","  2,529.51 ","  206,707.07 "
21,8,"  206,707.07 ","  1,248.86 ","  1,280.65 ","  2,529.51 ","  205,426.42 "
21,9,"  205,426.42 ","  1,241.12 ","  1,288.39 ","  2,529.51 ","  204,138.03 "
21,10,"  204,138.03 ","  1,233.33 ","  1,296.18 ","  2,529.51 ","  202,841.85 "
21,11,"  202,841.85 ","  1,225.50 ","  1,304.01 ","  2,529.51 ","  201,537.84 "
21,12,"  201,537.84 ","  1,217.62 ","  1,311.89 ","  2,529.51 ","  200,225.96 "
22,1,"  200,225.96 ","  1,209.70 ","  1,319.81 ","  2,529.51 ","  198,906.15 "
22,2,"  198,906.15 ","  1,201.72 ","  1,327.79 ","  2,529.51 ","  197,578.36 "
22,3,"  197,578.36 ","  1,193.70 ","  1,335.81 ","  2,529.51 ","  196,242.55 "
22,4,"  196,242.55 ","  1,185.63 ","  1,343.88 ","  2,529.51 ","  194,898.68 "
22,5,"  194,898.68 ","  1,177.51 ","  1,352.00 ","  2,529.51 ","  193,546.68 "
22,6,"  193,546.68 ","  1,169.34 ","  1,360.17 ","  2,529.51 ","  192,186.52 "
22,7,"  192,186.52 ","  1,161.13 ","  1,368.38 ","  2,529.51 ","  190,818.13 "
22,8,"  190,818.13 ","  1,152.86 ","  1,376.65 ","  2,529.51 ","  189,441.48 "
22,9,"  189,441.48 ","  1,144.54 ","  1,384.97 ","  2,529.51 ","  188,056.51 "
22,10,"  188,056.51 ","  1,136.17 ","  1,393.33 ","  2,529.51 ","  186,663.18 "
22,11,"  186,663.18 ","  1,127.76 ","  1,401.75 ","  2,529.51 ","  185,261.43 "
22,12,"  185,261.43 ","  1,119.29 ","  1,410.22 ","  2,529.51 ","  183,851.21 "
23,1,"  183,851.21 ","  1,110.77 ","  1,418.74 ","  2,529.51 ","  182,432.46 "
23,2,"  182,432.46 ","  1,102.20 ","  1,427.31 ","  2,529.51 ","  181,005.15 "
23,3,"  181,005.15 ","  1,093.57 ","  1,435.94 ","  2,529.51 ","  179,569.21 "
23,4,"  179,569.21 ","  1,084.90 ","  1,444.61 ","  2,529.51 ","  178,124.60 "
23,5,"  178,124.60 ","  1,076.17 ","  1,453.34 ","  2,529.51 ","  176,671.26 "
23,6,"  176,671.26 ","  1,067.39 ","  1,462.12 ","  2,529.51 ","  175,209.14 "
23,7,"  175,209.14 ","  1,058.56 ","  1,470.95 ","  2,529.51 ","  173,738.19 "
23,8,"  173,738.19 ","  1,049.67 ","  1,479.84 ","  2,529.51 ","  172,258.34 "
23,9,"  172,258.34 ","  1,040.73 ","  1,488.78 ","  2,529.51 ","  170,769.56 "
23,10,"  170,769.56 ","  1,031.73 ","  1,497.78 ","  2,529.51 ","  169,271.78 "
23,11,"  169,271.78 ","  1,022.68 ","  1,506.83 ","  2,529.51 ","  167,764.96 "
23,12,"  167,764.96 ","  1,013.58 ","  1,515.93 ","  2,529.51 ","  166,249.03 "
24,1,"  166,249.03 ","  1,004.42 ","  1,525.09 ","  2,529.51 ","  164,723.94 "
24,2,"  164,723.94 ",  995.21 ,"  1,534.30 ","  2,529.51 ","  163,189.64 "
24,3,"  163,189.64 ",  985.94 ,"  1,543.57 ","  2,529.51 ","  161,646.07 "
24,4,"  161,646.07 ",  976.61 ,"  1,552.90 ","  2,529.51 ","  160,093.17 "
24,5,"  160,093.17 ",  967.23 ,"  1,562.28 ","  2,529.51 ","  158,530.89 "
24,6,"  158,530.89 ",  957.79 ,"  1,571.72 ","  2,529.51 ","  156,959.17 "
24,7,"  156,959.17 ",  948.29 ,"  1,581.21 ","  2,529.51 ","  155,377.95 "
24,8,"  155,377.95 ",  938.74 ,"  1,590.77 ","  2,529.51 ","  153,787.19 "
24,9,"  153,787.19 ",  929.13 ,"  1,600.38 ","  2,529.51 ","  152,186.81 "
24,10,"  152,186.81 ",  919.46 ,"  1,610.05 ","  2,529.51 ","  150,576.76 "
24,11,"  150,576.76 ",  909.73 ,"  1,619.78 ","  2,529.51 ","  148,956.99 "
24,12,"  148,956.99 ",  899.95 ,"  1,629.56 ","  2,529.51 ","  147,327.42 "
25,1,"  147,327.42 ",  890.10 ,"  1,639.41 ","  2,529.51 ","  145,688.02 "
25,2,"  145,688.02 ",  880.20 ,"  1,649.31 ","  2,529.51 ","  144,038.71 "
25,3,"  144,038.71 ",  870.23 ,"  1,659.28 ","  2,529.51 ","  142,379.43 "
25,4,"  142,379.43 ",  860.21 ,"  1,669.30 ","  2,529.51 ","  140,710.13 "
25,5,"  140,710.13 ",  850.12 ,"  1,679.39 ","  2,529.51 ","  139,030.74 "
25,6,"  139,030.74 ",  839.98 ,"  1,689.53 ","  2,529.51 ","  137,341.21 "
25,7,"  137,341.21 ",  829.77 ,"  1,699.74 ","  2,529.51 ","  135,641.47 "
25,8,"  135,641.47 ",  819.50 ,"  1,710.01 ","  2,529.51 ","  133,931.46 "
25,9,"  133,931.46 ",  809.17 ,"  1,720.34 ","  2,529.51 ","  132,211.12 "
25,10,"  132,211.12 ",  798.78 ,"  1,730.73 ","  2,529.51 ","  130,480.39 "
25,11,"  130,480.39 ",  788.32 ,"  1,741.19 ","  2,529.51 ","  128,739.20 "
25,12,"  128,739.20 ",  777.80 ,"  1,751.71 ","  2,529.51 ","  126,987.49 "
26,1,"  126,987.49 ",  767.22 ,"  1,762.29 ","  2,529.51 ","  125,225.19 "
26,2,"  125,225.19 ",  756.57 ,"  1,772.94 ","  2,529.51 ","  123,452.25 "
26,3,"  123,452.25 ",  745.86 ,"  1,783.65 ","  2,529.51 ","  121,668.60 "
26,4,"  121,668.60 ",  735.08 ,"  1,794.43 ","  2,529.51 ","  119,874.17 "
26,5,"  119,874.17 ",  724.24 ,"  1,805.27 ","  2,529.51 ","  118,068.90 "
26,6,"  118,068.90 ",  713.33 ,"  1,816.18 ","  2,529.51 ","  116,252.73 "
26,7,"  116,252.73 ",  702.36 ,"  1,827.15 ","  2,529.51 ","  114,425.58 "
26,8,"  114,425.58 ",  691.32 ,"  1,838.19 ","  2,529.51 ","  112,587.39 "
26,9,"  112,587.39 ",  680.22 ,"  1,849.29 ","  2,529.51 ","  110,738.09 "
26,10,"  110,738.09 ",  669.04 ,"  1,860.47 ","  2,529.51 ","  108,877.63 "
26,11,"  108,877.63 ",  657.80 ,"  1,871.71 ","  2,529.51 ","  107,005.92 "
26,12,"  107,005.92 ",  646.49 ,"  1,883.02 ","  2,529.51 ","  105,122.90 "
27,1,"  105,122.90 ",  635.12 ,"  1,894.39 ","  2,529.51 ","  103,228.51 "
27,2,"  103,228.51 ",  623.67 ,"  1,905.84 ","  2,529.51 ","  101,322.67 "
27,3,"  101,322.67 ",  612.16 ,"  1,917.35 ","  2,529.51 ","  99,405.32 "
27,4,"  99,405.32 ",  600.57 ,"  1,928.94 ","  2,529.51 ","  97,476.39 "
27,5,"  97,476.39 ",  588.92 ,"  1,940.59 ","  2,529.51 ","  95,535.80 "
27,6,"  95,535.80 ",  577.20 ,"  1,952.31 ","  2,529.51 ","  93,583.48 "
27,7,"  93,583.48 ",  565.40 ,"  1,964.11 ","  2,529.51 ","  91,619.37 "
27,8,"  91,619.37 ",  553.53 ,"  1,975.98 ","  2,529.51 ","  89,643.40 "
27,9,"  89,643.40 ",  541.60 ,"  1,987.91 ","  2,529.51 ","  87,655.48 "
27,10,"  87,655.48 ",  529.59 ,"  1,999.92 ","  2,529.51 ","  85,655.56 "
27,11,"  85,655.56 ",  517.50 ,"  2,012.01 ","  2,529.51 ","  83,643.55 "
27,12,"  83,643.55 ",  505.35 ,"  2,024.16 ","  2,529.51 ","  81,619.39 "
28,1,"  81,619.39 ",  493.12 ,"  2,036.39 ","  2,529.51 ","  79,583.00 "
28,2,"  79,583.00 ",  480.81 ,"  2,048.70 ","  2,529.51 ","  77,534.30 "
28,3,"  77,534.30 ",  468.44 ,"  2,061.07 ","  2,529.51 ","  75,473.23 "
28,4,"  75,473.23 ",  455.98 ,"  2,073.53 ","  2,529.51 ","  73,399.70 "
28,5,"  73,399.70 ",  443.46 ,"  2,086.05 ","  2,529.51 ","  71,313.65 "
28,6,"  71,313.65 ",  430.85 ,"  2,098.66 ","  2,529.51 ","  69,214.99 "
28,7,"  69,214.99 ",  418.17 ,"  2,111.34 ","  2,529.51 ","  67,103.66 "
28,8,"  67,103.66 ",  405.42 ,"  2,124.09 ","  2,529.51 ","  64,979.56 "
28,9,"  64,979.56 ",  392.58 ,"  2,136.92 ","  2,529.51 ","  62,842.64 "
28,10,"  62,842.64 ",  379.67 ,"  2,149.84 ","  2,529.51 ","  60,692.80 "
28,11,"  60,692.80 ",  366.69 ,"  2,162.82 ","  2,529.51 ","  58,529.98 "
28,12,"  58,529.98 ",  353.62 ,"  2,175.89 ","  2,529.51 ","  56,354.09 "
29,1,"  56,354.09 ",  340.47 ,"  2,189.04 ","  2,529.51 ","  54,165.05 "
29,2,"  54,165.05 ",  327.25 ,"  2,202.26 ","  2,529.51 ","  51,962.79 "
29,3,"  51,962.79 ",  313.94 ,"  2,215.57 ","  2,529.51 ","  49,747.22 "
29,4,"  49,747.22 ",  300.56 ,"  2,228.95 ","  2,529.51 ","  47,518.27 "
29,5,"  47,518.27 ",  287.09 ,"  2,242.42 ","  2,529.51 ","  45,275.85 "
29,6,"  45,275.85 ",  273.54 ,"  2,255.97 ","  2,529.51 ","  43,019.88 "
29,7,"  43,019.88 ",  259.91 ,"  2,269.60 ","  2,529.51 ","  40,750.28 "
29,8,"  40,750.28 ",  246.20 ,"  2,283.31 ","  2,529.51 ","  38,466.97 "
29,9,"  38,466.97 ",  232.40 ,"  2,297.11 ","  2,529.51 ","  36,169.87 "
29,10,"  36,169.87 ",  218.53 ,"  2,310.98 ","  2,529.51 ","  33,858.88 "
29,11,"  33,858.88 ",  204.56 ,"  2,324.95 ","  2,529.51 ","  31,533.94 "
29,12,"  31,533.94 ",  190.52 ,"  2,338.99 ","  2,529.51 ","  29,194.95 "
30,1,"  29,194.95 ",  176.39 ,"  2,353.12 ","  2,529.51 ","  26,841.82 "
30,2,"  26,841.82 ",  162.17 ,"  2,367.34 ","  2,529.51 ","  24,474.48 "
30,3,"  24,474.48 ",  147.87 ,"  2,381.64 ","  2,529.51 ","  22,092.84 "
30,4,"  22,092.84 ",  133.48 ,"  2,396.03 ","  2,529.51 ","  19,696.81 "
30,5,"  19,696.81 ",  119.00 ,"  2,410.51 ","  2,529.51 ","  17,286.30 "
30,6,"  17,286.30 ",  104.44 ,"  2,425.07 ","  2,529.51 ","  14,861.23 "
30,7,"  14,861.23 ",  89.79 ,"  2,439.72 ","  2,529.51 ","  12,421.50 "
30,8,"  12,421.50 ",  75.05 ,"  2,454.46 ","  2,529.51 ","  9,967.04 "
30,9,"  9,967.04 ",  60.22 ,"  2,469.29 ","  2,529.51 ","  7,497.75 "
30,10,"  7,497.75 ",  45.30 ,"  2,484.21 ","  2,529.51 ","  5,013.54 "
30,11,"  5,013.54 ",  30.29 ,"  2,499.22 ","  2,529.51 ","  2,514.32 "
30,12,"  2,514.32 ",  15.19 ,"  2,514.32 ","  2,529.51 ",  0.00 